{"segments":{"TBF_AIF":{"seconds":900,"meters":1871.9206961179368,"shape":[[-122.455719,37.872572],[-122.435089,37.868307],[-122.435089,37.868307]]},"AIF_TBF":{"seconds":900,"meters":1871.9206961179368,"shape":[[-122.435089,37.868307],[-122.455719,37.872572],[-122.455719,37.872572]]}},"segmentKeyDict":{"Tib-AIF_AIF_undefined":"TBF_AIF","Tib-AIF_TBF_undefined":"AIF_TBF"}}