{"TBF_AIF":{"seconds":900,"shape":[[-122.455719,37.872572],[-122.435089,37.868307],[-122.435089,37.868307]]},"AIF_TBF":{"seconds":900,"shape":[[-122.435089,37.868307],[-122.455719,37.872572],[-122.455719,37.872572]]}}