{"segments":{"7209_7201":{"seconds":1500,"meters":10215.95848943711,"shape":[[-122.279777,37.795032],[-122.2801551418,37.7944630126],[-122.2803624501,37.7942929166],[-122.2819944523,37.7939545707],[-122.2837878825,37.7936725911],[-122.2854644451,37.7935079655],[-122.2874451128,37.7933047216],[-122.2888289482,37.7930957066],[-122.2913001117,37.79248097],[-122.2934355332,37.7920883544],[-122.2954565649,37.7918402171],[-122.2965253525,37.7917824979],[-122.2990659148,37.7918727298],[-122.3017377871,37.792089286],[-122.3022481752,37.7921339498],[-122.3051244666,37.7925269079],[-122.3113589783,37.7936431083],[-122.3125386143,37.7938457549],[-122.3177574113,37.7951776294],[-122.3215745262,37.7963204037],[-122.3221295332,37.7965248548],[-122.3238315077,37.7969976014],[-122.326164849,37.7976037761],[-122.3278115941,37.7978893873],[-122.3297196006,37.7983280565],[-122.3317623533,37.7985239663],[-122.3331519286,37.7985299369],[-122.3354533941,37.7980359027],[-122.3376088084,37.7972771869],[-122.3391883306,37.7969322093],[-122.3432468868,37.796352984],[-122.3448432168,37.7960931829],[-122.3478884814,37.7953776605],[-122.3525279706,37.7939821072],[-122.3539058115,37.7935849476],[-122.3568452005,37.7930496976],[-122.3587110736,37.792943657],[-122.3608261557,37.7931102921],[-122.3651975636,37.7936862001],[-122.3685079323,37.7941457035],[-122.369045148,37.7942269353],[-122.3719014674,37.7949086101],[-122.375092222,37.7957435755],[-122.3766560147,37.7961603725],[-122.3790075259,37.7965542196],[-122.3806177999,37.7966956],[-122.3836686912,37.7969694984],[-122.3856711872,37.7971568022],[-122.3865018841,37.7971012603],[-122.387070592,37.7969346342],[-122.3882207877,37.796409507],[-122.3897288221,37.7956773524],[-122.3901739317,37.7955198547],[-122.39079,37.79436],[-122.39079,37.79436]]},"7201_7209":{"seconds":1500,"meters":10212.038133018297,"shape":[[-122.39079,37.79436],[-122.3897934667,37.7956775431],[-122.3891436752,37.7959557276],[-122.3870933571,37.7969199243],[-122.3864841906,37.7971041467],[-122.385702051,37.7971695159],[-122.3831676177,37.7969318096],[-122.3792343577,37.7965693061],[-122.3780385865,37.7964029105],[-122.3766924038,37.7961652017],[-122.3733833514,37.7952856728],[-122.3691104738,37.794242816],[-122.3649522802,37.7936526674],[-122.3608761293,37.7931118588],[-122.3587778893,37.7929395124],[-122.3568502793,37.7930330106],[-122.3548897906,37.793409763],[-122.3539201107,37.7935908064],[-122.3489211523,37.7950702023],[-122.347884761,37.7953716633],[-122.3448437912,37.7960906641],[-122.339156938,37.7969421034],[-122.3379836504,37.7971975333],[-122.3374808129,37.7973299781],[-122.3354455181,37.7980489598],[-122.3331588045,37.7985408907],[-122.3318272058,37.7985414183],[-122.3297294362,37.7983332941],[-122.327754003,37.7978981235],[-122.3261963133,37.7976237754],[-122.3221975576,37.796554235],[-122.3198270377,37.795750094],[-122.3125478657,37.7938768843],[-122.3081061341,37.7930537923],[-122.3045623267,37.7924577545],[-122.3021918068,37.7921360813],[-122.2992106986,37.7918617118],[-122.2966127046,37.7917765625],[-122.2935956794,37.7920698543],[-122.2914047444,37.7924577545],[-122.2890074024,37.7930632532],[-122.2872235264,37.7933470791],[-122.2843621413,37.7936119822],[-122.2823148742,37.7938958059],[-122.2812253928,37.794160707],[-122.280267607,37.794302618],[-122.279777,37.795032],[-122.279777,37.795032]]},"7209_7205":{"seconds":2400,"meters":21774.024357429225,"shape":[[-122.279777,37.795032],[-122.280148,37.794442],[-122.280051,37.794196],[-122.280062,37.793923],[-122.280357,37.793722],[-122.286033,37.793126],[-122.296783,37.791499],[-122.298732,37.791221],[-122.300888,37.791138],[-122.303844,37.791348],[-122.326888,37.796441],[-122.330503,37.797395],[-122.331611,37.797482],[-122.332861,37.797206],[-122.334581,37.796043],[-122.338025,37.791488],[-122.339388,37.787567],[-122.334926,37.773281],[-122.324624,37.740247],[-122.337455,37.703509],[-122.370703,37.664679],[-122.3714,37.664407],[-122.372612,37.664203],[-122.377129,37.664237],[-122.377274,37.664139],[-122.377269,37.663774],[-122.3772452,37.662676],[-122.3772452,37.662676]]},"7205_7209":{"seconds":2400,"meters":21773.15981313191,"shape":[[-122.3772501078843,37.66267593373631],[-122.37727,37.66377],[-122.37728,37.66413],[-122.37713,37.66423],[-122.37262,37.6642],[-122.3714,37.6644],[-122.37071,37.66467],[-122.33746,37.7035],[-122.32463,37.74024],[-122.33493,37.77328],[-122.33939,37.78756],[-122.33803,37.79148],[-122.33459,37.79604],[-122.33287,37.7972],[-122.33162,37.79748],[-122.33051,37.79739],[-122.32689,37.79644],[-122.30385,37.79134],[-122.30089,37.79113],[-122.29874,37.79122],[-122.29679,37.79149],[-122.28604,37.79312],[-122.28036,37.79372],[-122.28007,37.79392],[-122.28006,37.79419],[-122.28015,37.79444],[-122.27978,37.79503],[-122.27978,37.79503]]},"7206_7201":{"seconds":1500,"meters":13927.38164680723,"shape":[[-122.256966,37.736528],[-122.2573599228,37.7362382865],[-122.2580898549,37.7360270946],[-122.2588375902,37.7360552536],[-122.260030406,37.736421319],[-122.2615792863,37.7370971273],[-122.2642888356,37.7390652641],[-122.2718287772,37.744780336],[-122.2755616888,37.7474664284],[-122.279674233,37.7501129142],[-122.2854193484,37.7529638355],[-122.292397825,37.7557460882],[-122.2992405128,37.7582559617],[-122.3076324011,37.7611835209],[-122.311648852,37.7625253171],[-122.3183991255,37.7650433634],[-122.3271079325,37.7681802831],[-122.3328863478,37.7702945771],[-122.336420793,37.7718815231],[-122.3403879135,37.7737656617],[-122.3466826499,37.7771141953],[-122.351543787,37.7801722546],[-122.3568925241,37.7838531503],[-122.3677320481,37.7909852302],[-122.3700968387,37.7928071088],[-122.3725478156,37.7943674218],[-122.3760299458,37.7955198837],[-122.3791321665,37.796176763],[-122.3859727128,37.7968490698],[-122.39107,37.79472],[-122.39107,37.79472]]},"7201_7206":{"seconds":1500,"meters":13931.106752563663,"shape":[[-122.39107,37.79472],[-122.3861150078,37.7968905177],[-122.3791142113,37.7962277008],[-122.3768236281,37.7957433308],[-122.37259548,37.79430805],[-122.3670883561,37.7905607394],[-122.3569597459,37.7840912396],[-122.3522415736,37.7805638269],[-122.3469584225,37.7772769124],[-122.3413476231,37.7743035444],[-122.3329425828,37.7704160694],[-122.3199994887,37.7656783429],[-122.3116197705,37.762632506],[-122.2986542985,37.7582576874],[-122.285746903,37.7530425492],[-122.2796715093,37.7501665374],[-122.2752423888,37.7473648432],[-122.2720154581,37.7448882572],[-122.2642938328,37.7390640952],[-122.2615882459,37.737105197],[-122.2598911696,37.7363724768],[-122.2589325799,37.7360642432],[-122.2581425334,37.7360059286],[-122.2573840888,37.7362391868],[-122.256966,37.736528],[-122.256966,37.736528]]},"7201_7210":{"seconds":600,"meters":3933.8945019066177,"shape":[[-122.39107,37.79472],[-122.3888269533,37.7968939065],[-122.3877070958,37.7983558977],[-122.3877936683,37.8003610002],[-122.390190258,37.8031264048],[-122.4019766888,37.811677565],[-122.4055820008,37.8135486702],[-122.4096723038,37.813907394],[-122.4121404076,37.8131533108],[-122.4132777754,37.8120949025],[-122.4133278653,37.8110660148],[-122.413110809,37.810657094],[-122.412272,37.809594],[-122.412272,37.809594]]},"7210_7201":{"seconds":600,"meters":3939.343058222398,"shape":[[-122.412272,37.809594],[-122.4133856498,37.8108873146],[-122.4132467827,37.8121063084],[-122.4124290099,37.8130402556],[-122.4094177676,37.8138147862],[-122.4051460053,37.8133168746],[-122.3998717052,37.8108341027],[-122.390511665,37.8036304429],[-122.3883539425,37.8009341847],[-122.3874877539,37.7987467146],[-122.3890381821,37.796704854],[-122.39107,37.79472],[-122.39107,37.79472]]},"7201_7211":{"seconds":2100,"meters":16187.682106884515,