{"1_2":{"seconds":600,"shape":[[-122.3722,37.816675],[-122.39256,37.796748],[-122.39256,37.796748]]},"2_1":{"seconds":600,"shape":[[-122.39256,37.796748],[-122.3722,37.816675],[-122.3722,37.816675]]}}